countryCode0,countryDesc0,holidayCode0,2023-08-02,
countryCode1,countryDesc1,holidayCode1,2023-07-23,
countryCode2,countryDesc2,holidayCode2,2023-07-29,
countryCode3,countryDesc3,holidayCode3,2023-07-28,
countryCode4,countryDesc4,holidayCode4,2023-07-25,
countryCode5,countryDesc5,holidayCode5,2023-07-22,
countryCode6,countryDesc6,holidayCode6,2023-07-26,
countryCode7,countryDesc7,holidayCode7,2023-07-22,
countryCode8,countryDesc8,holidayCode8,2023-07-26,
countryCode9,countryDesc9,holidayCode9,2023-07-27,
countryCode10,countryDesc10,holidayCode10,2023-07-31,
countryCode11,countryDesc11,holidayCode11,2023-07-31,
countryCode12,countryDesc12,holidayCode12,2023-07-31,
countryCode13,countryDesc13,holidayCode13,2023-07-26,
countryCode14,countryDesc14,holidayCode14,2023-07-27,
countryCode15,countryDesc15,holidayCode15,2023-07-24,
countryCode16,countryDesc16,holidayCode16,2023-07-30,
countryCode17,countryDesc17,holidayCode17,2023-07-21,
countryCode18,countryDesc18,holidayCode18,2023-07-26,
countryCode19,countryDesc19,holidayCode19,2023-07-26,
countryCode0,countryDesc0,holidayCode0,2023-07-25,
countryCode1,countryDesc1,holidayCode1,2023-07-29,
countryCode2,countryDesc2,holidayCode2,2023-07-28,
countryCode3,countryDesc3,holidayCode3,2023-07-22,
countryCode4,countryDesc4,holidayCode4,2023-07-23,
countryCode5,countryDesc5,holidayCode5,2023-07-29,
countryCode6,countryDesc6,holidayCode6,2023-07-31,
countryCode7,countryDesc7,holidayCode7,2023-07-26,
countryCode8,countryDesc8,holidayCode8,2023-07-23,
countryCode9,countryDesc9,holidayCode9,2023-07-29,
string,string2222,string,2023-07-21,
